feature_engineer_random_feature_1,feature_engineer_random_feature_2,feature_engineer_random_feature_3,feature_engineer_random_feature_4,feature_engineer_random_feature_5,feature_engineer_random_feature_6,feature_engineer_random_feature_7,feature_engineer_random_feature_8,feature_engineer_random_feature_9,feature_engineer_random_feature_10
-0.1035840240890011,0.149451657848524,-0.4799527494394816,0.3492908622572701,0.4660570783604112,-2.126225034819267,-1.6642419963955353,1.100551701427351,-0.594772351517813,0.777858989521146
-0.0118775862618101,0.47132995050777,0.7862596772547005,0.6491299515084765,-0.967284780797162,-1.1683523740899766,-0.9409377707637238,0.5264447844298,0.4992405795029775,1.2761678366521452
-0.1439412429545705,0.323330181654475,0.0566270138817698,1.463725198046535,0.2817273425674803,1.5157455333588483,0.2200674846716631,0.2952452547932751,-1.2568501257056002,1.609280000263475
-0.5946802176170995,0.2934903997995614,-0.0509736474015083,-0.6842543787907447,-0.0234141930222283,1.7695870901966462,0.4506144602534858,-0.5572364079679569,-1.075239474296105,0.2321788759348933
-1.535239932308754,-0.3683571428386541,0.5582193416958164,0.3495024666507176,0.6888475829985121,-0.6871972034664799,-0.157344715379774,1.3868026961196358,0.3522217082967548,-0.2088615852277111
-0.2084608390754745,-0.6974787180946593,-1.5227776659161243,0.3462502912171104,-0.3474455348911762,-0.8897063396588774,-0.5137841974495277,-3.2297321827371164,-0.5297687733794215,-0.400695892371706
-0.9005789442731956,0.4436481634405221,1.891258522049274,-0.5730708706130818,-0.2292024860209365,0.1762038872463054,-0.6702293346850522,-0.9908539603603644,0.7182043940699777,0.5595158139701162
1.0456787142490338,1.2206555656423033,-0.338730327221553,-0.4030550401028046,-1.0753830108983695,-0.8429376307751949,0.3183806917799738,1.8852685706164944,-0.2172598757240067,-0.0222308255893795
0.647170385237524,0.8178108674480704,-0.2881628806851423,0.6113993458377648,0.5849340721421619,-0.7654226157427106,-0.8245276488475096,-0.2598583718081962,-1.5172951229873517,-1.0821423871258624
0.901665797078642,-1.1020349145505244,-1.0951776664844983,0.4948420826682876,-0.0390025539121043,-0.0102953324868761,-1.4797378965841708,0.1366571874887295,-0.9313859610636538,-1.5041541266851202
1.5793955613113544,-0.4205448859308253,0.1253924567421639,0.5877912369443935,0.3310267259429533,0.671154653941316,-0.4004209705755556,0.2649930130313512,-0.0110749395256646,1.0105527388422422
0.4691390857447578,-0.7205659471686018,-2.9269778500321717,0.4885652427175281,0.0100281889711014,0.0406608829960747,-0.3204317943513261,-0.7461436078557332,-1.8083887328272592,0.7344828240954657
-0.7271262878418946,-1.7964192798171537,0.3029618097544055,0.084736608255937,0.217994173277593,-0.6226698000194635,0.976381477010148,0.2065621790363145,1.5003831756210175,-0.4360663359845799
0.6660789633930595,2.5178149907866927,0.2399748374209307,-1.2472742467062994,0.57701540877429,3.0778120988701048,-0.5062852416575072,0.3253909634709613,2.362028729885023,-0.5281388567212116
-0.1548852498272925,-1.7943653427936772,-0.7876765741016698,1.895053196734096,-0.0089288381460116,-1.478301045606112,1.3412375828311238,-1.3304745685214543,-1.318606569266518,0.5534403741009849
